Profile ID	Constant	Old max MP	New max MP	Old SA	New SA	Other stats, media, IDs, capabilities, census and icons
AAA_GEN_CH	MMP_MANHANDLED_GUN	4	2	8	8	unchanged
AAA_GEN_FR	MMP_MANHANDLED_GUN	4	2	8	8	unchanged
AAA_GEN_GE	MMP_MANHANDLED_GUN	4	2	8	8	unchanged
AAA_GEN_IQ	MMP_MANHANDLED_GUN	4	2	8	8	unchanged
AAA_GEN_IR	MMP_MANHANDLED_GUN	4	2	8	8	unchanged
AAA_GEN_MJ	MMP_MANHANDLED_GUN	4	2	8	8	unchanged
AAA_GEN_NATO	MMP_MANHANDLED_GUN	4	2	8	8	unchanged
AAA_GEN_SA	MMP_MANHANDLED_GUN	4	2	8	8	unchanged
AAA_GEN_SV	MMP_MANHANDLED_GUN	4	2	8	8	unchanged
AAA_GEN_UK	MMP_MANHANDLED_GUN	4	2	8	8	unchanged
AAA_GEN_US	MMP_MANHANDLED_GUN	4	2	8	8	unchanged
APC_BTR70_SV	MMP_VEHICLE_SLOW	8	8	6	6	unchanged
APC_BTR80_SV	MMP_VEHICLE_SLOW	8	8	7	7	unchanged
APC_FV432_UK	MMP_VEHICLE_SLOW	8	8	6	6	unchanged
APC_HUMVEE_US	MMP_VEHICLE_SLOW	8	8	6	6	unchanged
APC_LVTP7_US	MMP_VEHICLE_SLOW	8	8	6	6	unchanged
APC_M113_GE	MMP_VEHICLE_SLOW	8	8	6	6	unchanged
APC_M113_IR	MMP_VEHICLE_SLOW	8	8	6	6	unchanged
APC_M113_NATO	MMP_VEHICLE_SLOW	8	8	6	6	unchanged
APC_M113_SA	MMP_VEHICLE_SLOW	8	8	6	6	unchanged
APC_M113_US	MMP_VEHICLE_SLOW	8	8	6	6	unchanged
APC_MTLB_IQ	MMP_VEHICLE_SLOW	8	8	6	6	unchanged
APC_MTLB_SV	MMP_VEHICLE_SLOW	8	8	6	6	unchanged
APC_TYPE63_CH	MMP_VEHICLE_SLOW	8	8	6	6	unchanged
APC_VAB_FR	MMP_VEHICLE_SLOW	8	8	6	6	unchanged
ART_HEAVY_ARAB	MMP_MANHANDLED_GUN	4	2	10	11	unchanged
ART_HEAVY_CH	MMP_MANHANDLED_GUN	4	2	10	11	unchanged
ART_HEAVY_FR	MMP_MANHANDLED_GUN	4	2	10	11	unchanged
ART_HEAVY_GE	MMP_MANHANDLED_GUN	4	2	10	11	unchanged
ART_HEAVY_IQ	MMP_MANHANDLED_GUN	4	2	10	11	unchanged
ART_HEAVY_IR	MMP_MANHANDLED_GUN	4	2	10	11	unchanged
ART_HEAVY_NATO	MMP_MANHANDLED_GUN	4	2	10	11	unchanged
ART_HEAVY_SA	MMP_MANHANDLED_GUN	4	2	10	11	unchanged
ART_HEAVY_SV	MMP_MANHANDLED_GUN	4	2	10	11	unchanged
ART_HEAVY_UK	MMP_MANHANDLED_GUN	4	2	10	11	unchanged
ART_HEAVY_US	MMP_MANHANDLED_GUN	4	2	10	11	unchanged
ART_LIGHT_ARAB	MMP_MANHANDLED_GUN	4	2	9	10	unchanged
ART_LIGHT_CH	MMP_MANHANDLED_GUN	4	2	9	10	unchanged
ART_LIGHT_FR	MMP_MANHANDLED_GUN	4	2	9	10	unchanged
ART_LIGHT_GE	MMP_MANHANDLED_GUN	4	2	9	10	unchanged
ART_LIGHT_IQ	MMP_MANHANDLED_GUN	4	2	9	10	unchanged
ART_LIGHT_IR	MMP_MANHANDLED_GUN	4	2	9	10	unchanged
ART_LIGHT_MJ	MMP_MANHANDLED_GUN	4	2	6	7	unchanged
ART_LIGHT_NATO	MMP_MANHANDLED_GUN	4	2	9	10	unchanged
ART_LIGHT_SA	MMP_MANHANDLED_GUN	4	2	9	10	unchanged
ART_LIGHT_SV	MMP_MANHANDLED_GUN	4	2	9	10	unchanged
ART_LIGHT_UK	MMP_MANHANDLED_GUN	4	2	9	10	unchanged
ART_LIGHT_US	MMP_MANHANDLED_GUN	4	2	9	10	unchanged
ART_MORTAR_MJ	MMP_MANHANDLED_GUN	4	2	7	8	unchanged
ATT_A10_US	MMP_FIXED_WING	100	100	0	0	unchanged
ATT_ALPHAJET_GE	MMP_FIXED_WING	100	100	0	0	unchanged
ATT_F117_US	MMP_FIXED_WING	100	100	0	0	unchanged
ATT_JAGUAR_FR	MMP_FIXED_WING	100	100	0	0	unchanged
ATT_JAGUAR_UK	MMP_FIXED_WING	100	100	0	0	unchanged
ATT_Q5_CH	MMP_FIXED_WING	100	100	0	0	unchanged
ATT_SU17_IQ	MMP_FIXED_WING	100	100	0	0	unchanged
ATT_SU17_SV	MMP_FIXED_WING	100	100	0	0	unchanged
ATT_SU25B_SV	MMP_FIXED_WING	100	100	0	0	unchanged
ATT_SU25_SV	MMP_FIXED_WING	100	100	0	0	unchanged
AWACS_A50_SV	MMP_FIXED_WING	100	100	0	0	unchanged
AWACS_E3_US	MMP_FIXED_WING	100	100	0	0	unchanged
BASE_AIRBASE	MMP_IMMOBILE	0	0	6	6	unchanged
BASE_DEPOT	MMP_IMMOBILE	0	0	6	6	unchanged
BASE_HQ	MMP_IMMOBILE	0	0	6	6	unchanged
BMB_F111_US	MMP_FIXED_WING	100	100	0	0	unchanged
BMB_H6_CH	MMP_FIXED_WING	100	100	0	0	unchanged
BMB_SU24_SV	MMP_FIXED_WING	100	100	0	0	unchanged
BMB_TU16_SV	MMP_FIXED_WING	100	100	0	0	unchanged
BMB_TU22M3_SV	MMP_FIXED_WING	100	100	0	0	unchanged
BMB_TU22_SV	MMP_FIXED_WING	100	100	0	0	unchanged
FGT_F14_IR	MMP_FIXED_WING	100	100	0	0	unchanged
FGT_F14_US	MMP_FIXED_WING	100	100	0	0	unchanged
FGT_F15_SA	MMP_FIXED_WING	100	100	0	0	unchanged
FGT_F15_US	MMP_FIXED_WING	100	100	0	0	unchanged
FGT_F16_NATO	MMP_FIXED_WING	100	100	0	0	unchanged
FGT_F16_US	MMP_FIXED_WING	100	100	0	0	unchanged
FGT_F4_GE	MMP_FIXED_WING	100	100	0	0	unchanged
FGT_F4_IR	MMP_FIXED_WING	100	100	0	0	unchanged
FGT_F4_UK	MMP_FIXED_WING	100	100	0	0	unchanged
FGT_F4_US	MMP_FIXED_WING	100	100	0	0	unchanged
FGT_F5_IR	MMP_FIXED_WING	100	100	0	0	unchanged
FGT_F5_SA	MMP_FIXED_WING	100	100	0	0	unchanged
FGT_J6_CH	MMP_FIXED_WING	100	100	0	0	unchanged
FGT_J7_CH	MMP_FIXED_WING	100	100	0	0	unchanged
FGT_J8_CH	MMP_FIXED_WING	100	100	0	0	unchanged
FGT_MIG21_IQ	MMP_FIXED_WING	100	100	0	0	unchanged
FGT_MIG21_SV	MMP_FIXED_WING	100	100	0	0	unchanged
FGT_MIG23_IQ	MMP_FIXED_WING	100	100	0	0	unchanged
FGT_MIG23_SV	MMP_FIXED_WING	100	100	0	0	unchanged
FGT_MIG25_SV	MMP_FIXED_WING	100	100	0	0	unchanged
FGT_MIG27_SV	MMP_FIXED_WING	100	100	0	0	unchanged
FGT_MIG29_SV	MMP_FIXED_WING	100	100	0	0	unchanged
FGT_MIG31_SV	MMP_FIXED_WING	100	100	0	0	unchanged
FGT_MIRAGE2000_FR	MMP_FIXED_WING	100	100	0	0	unchanged
FGT_MIRAGEF1_FR	MMP_FIXED_WING	100	100	0	0	unchanged
FGT_MIRAGEF1_IQ	MMP_FIXED_WING	100	100	0	0	unchanged
FGT_SU27_SV	MMP_FIXED_WING	100	100	0	0	unchanged
FGT_SU47_SV	MMP_FIXED_WING	100	100	0	0	unchanged
FGT_TORNADO_GE	MMP_FIXED_WING	100	100	0	0	unchanged
FGT_TORNADO_UK	MMP_FIXED_WING	100	100	0	0	unchanged
HEL_AH1_IR	MMP_HELO	24	24	13	13	unchanged
HEL_AH1_US	MMP_HELO	24	24	13	13	unchanged
HEL_AH64_US	MMP_HELO	24	24	13	13	unchanged
HEL_BO105_GE	MMP_HELO	24	24	10	10	unchanged
HEL_GAZELLE_FR	MMP_HELO	24	24	10	10	unchanged
HEL_LYNX_UK	MMP_HELO	24	24	10	10	unchanged
HEL_MI24D_SV	MMP_HELO	24	24	13	13	unchanged
HEL_MI24V_SV	MMP_HELO	24	24	13	13	unchanged
HEL_MI28_SV	MMP_HELO	24	24	13	13	unchanged
HEL_MI8AT_IQ	MMP_HELO	24	24	11	11	unchanged
HEL_MI8AT_SV	MMP_HELO	24	24	13	13	unchanged
HEL_MI8T_SV	MMP_HELO	24	24	10	10	unchanged
HEL_PUMA_FR	MMP_HELO	24	24	10	10	unchanged
HEL_PUMA_UK	MMP_HELO	24	24	10	10	unchanged
HEL_UH1C_NATO	MMP_HELO	24	24	11	11	unchanged
HEL_UH1C_US	MMP_HELO	24	24	11	11	unchanged
HEL_UH1D_GE	MMP_HELO	24	24	10	10	unchanged
HEL_UH1_NATO	MMP_HELO	24	24	10	10	unchanged
HEL_UH1_US	MMP_HELO	24	24	10	10	unchanged
HEL_UH60_US	MMP_HELO	24	24	10	10	unchanged
HEL_Z9_CH	MMP_HELO	24	24	10	10	unchanged
IFV_AMX10P_FR	MMP_VEHICLE_STANDARD	10	10	9	9	unchanged
IFV_AMX10P_SA	MMP_VEHICLE_STANDARD	10	10	9	9	unchanged
IFV_BMD2_SV	MMP_VEHICLE_STANDARD	10	10	9	9	unchanged
IFV_BMD3_SV	MMP_VEHICLE_STANDARD	10	10	10	10	unchanged
IFV_BMP1_IQ	MMP_VEHICLE_STANDARD	10	10	8	8	unchanged
IFV_BMP1_SV	MMP_VEHICLE_STANDARD	10	10	8	8	unchanged
IFV_BMP2_SV	MMP_VEHICLE_STANDARD	10	10	9	9	unchanged
IFV_BMP3_SV	MMP_VEHICLE_STANDARD	10	10	10	10	unchanged
IFV_M2_US	MMP_VEHICLE_STANDARD	10	10	9	9	unchanged
IFV_MARDER_GE	MMP_VEHICLE_STANDARD	10	10	9	9	unchanged
IFV_TYPE86_CH	MMP_VEHICLE_STANDARD	10	10	8	8	unchanged
IFV_WARRIOR_UK	MMP_VEHICLE_STANDARD	10	10	9	9	unchanged
IFV_YPR765_NATO	MMP_VEHICLE_STANDARD	10	10	9	9	unchanged
INF_AB_CH	MMP_WALKING	4	3	7	7	unchanged
INF_AB_FR	MMP_WALKING	4	3	7	7	unchanged
INF_AB_GE	MMP_WALKING	4	3	7	7	unchanged
INF_AB_SV	MMP_WALKING	4	3	7	7	unchanged
INF_AB_UK	MMP_WALKING	4	3	7	7	unchanged
INF_AB_US	MMP_WALKING	4	3	7	7	unchanged
INF_AM_FR	MMP_WALKING	4	3	7	7	unchanged
INF_AM_GE	MMP_WALKING	4	3	7	7	unchanged
INF_AM_SV	MMP_WALKING	4	3	7	7	unchanged
INF_AM_UK	MMP_WALKING	4	3	7	7	unchanged
INF_AM_US	MMP_WALKING	4	3	7	7	unchanged
INF_CAV_MJ	MMP_CAVALRY	10	10	7	7	unchanged
INF_ENG_SV	MMP_WALKING	4	3	4	4	unchanged
INF_GUARD_SA	MMP_WALKING	4	3	7	7	unchanged
INF_MAR_SV	MMP_WALKING	4	3	7	7	unchanged
INF_MAR_US	MMP_WALKING	4	3	7	7	unchanged
INF_MECH_BE	MMP_WALKING	4	3	7	7	unchanged
INF_MECH_DK	MMP_WALKING	4	3	7	7	unchanged
INF_MECH_NL	MMP_WALKING	4	3	7	7	unchanged
INF_MECH_SA	MMP_WALKING	4	3	7	7	unchanged
INF_REG_CH	MMP_WALKING	4	3	7	7	unchanged
INF_REG_FR	MMP_WALKING	4	3	7	7	unchanged
INF_REG_GE	MMP_WALKING	4	3	7	7	unchanged
INF_REG_IQ	MMP_WALKING	4	3	7	7	unchanged
INF_REG_IR	MMP_WALKING	4	3	7	7	unchanged
INF_REG_MJ	MMP_WALKING	4	3	7	7	unchanged
INF_REG_SA	MMP_WALKING	4	3	7	7	unchanged
INF_REG_SV	MMP_WALKING	4	3	7	7	unchanged
INF_REG_UK	MMP_WALKING	4	3	7	7	unchanged
INF_REG_US	MMP_WALKING	4	3	7	7	unchanged
INF_RPG_MJ	MMP_WALKING	4	3	6	6	unchanged
INF_SPEC_MJ	MMP_WALKING	4	3	9	9	unchanged
INF_SPEC_SV	MMP_WALKING	4	3	9	9	unchanged
RCNA_MIG25R_SV	MMP_FIXED_WING	100	100	0	0	unchanged
RCNA_SR71_US	MMP_FIXED_WING	100	100	0	0	unchanged
RCN_BRDM2AT_SV	MMP_VEHICLE_STANDARD	10	10	5	5	unchanged
RCN_BRDM2_IQ	MMP_VEHICLE_STANDARD	10	10	5	5	unchanged
RCN_BRDM2_SV	MMP_VEHICLE_STANDARD	10	10	5	5	unchanged
RCN_ERC90_FR	MMP_VEHICLE_STANDARD	10	10	5	5	unchanged
RCN_FV105_UK	MMP_VEHICLE_STANDARD	10	10	6	6	unchanged
RCN_LUCHS_GE	MMP_VEHICLE_STANDARD	10	10	6	6	unchanged
RCN_M113CV_NATO	MMP_VEHICLE_STANDARD	10	10	6	6	unchanged
RCN_M113_IR	MMP_VEHICLE_SLOW	8	8	5	5	unchanged
RCN_M3_US	MMP_VEHICLE_STANDARD	10	10	6	6	unchanged
ROC_BM21_SV	MMP_VEHICLE_SLOW	8	8	9	10	unchanged
ROC_BM27_SV	MMP_VEHICLE_SLOW	8	8	11	12	unchanged
ROC_BM30_SV	MMP_VEHICLE_SLOW	8	8	12	13	unchanged
ROC_MLRS_GE	MMP_VEHICLE_STANDARD	10	10	11	12	unchanged
ROC_MLRS_US	MMP_VEHICLE_STANDARD	10	10	11	12	unchanged
ROC_PHZ89_CH	MMP_VEHICLE_STANDARD	10	10	9	10	unchanged
ROC_SCUD_SV	MMP_VEHICLE_SLOW	8	8	15	16	unchanged
SAM_GEN_MJ	MMP_WALKING	4	3	1	1	unchanged
SAM_HAWK_US	MMP_IMMOBILE	0	0	1	1	unchanged
SAM_HQ2_CH	MMP_IMMOBILE	0	0	1	1	unchanged
SAM_S125_SV	MMP_IMMOBILE	0	0	1	1	unchanged
SAM_S300_SV	MMP_VEHICLE_SLOW	8	8	1	1	unchanged
SAM_S75_IQ	MMP_IMMOBILE	0	0	1	1	unchanged
SAM_S75_SV	MMP_IMMOBILE	0	0	1	1	unchanged
SPAAA_AMX30DCA_FR	MMP_VEHICLE_STANDARD	10	10	9	9	unchanged
SPAAA_GEPARD_GE	MMP_VEHICLE_STANDARD	10	10	9	9	unchanged
SPAAA_M163_US	MMP_VEHICLE_STANDARD	10	10	9	9	unchanged
SPAAA_PRTL_NATO	MMP_VEHICLE_STANDARD	10	10	9	9	unchanged
SPAAA_TYPE53_CH	MMP_VEHICLE_STANDARD	10	10	9	9	unchanged
SPAAA_ZSU23_SV	MMP_VEHICLE_STANDARD	10	10	9	9	unchanged
SPAAA_ZSU57_IQ	MMP_VEHICLE_STANDARD	10	10	9	9	unchanged
SPAAA_ZSU57_SV	MMP_VEHICLE_STANDARD	10	10	9	9	unchanged
SPA_2S19_SV	MMP_VEHICLE_STANDARD	10	10	10	11	unchanged
SPA_2S1_IQ	MMP_VEHICLE_STANDARD	10	10	9	10	unchanged
SPA_2S1_SV	MMP_VEHICLE_STANDARD	10	10	9	10	unchanged
SPA_2S3_SV	MMP_VEHICLE_STANDARD	10	10	10	11	unchanged
SPA_2S5_SV	MMP_VEHICLE_STANDARD	10	10	10	11	unchanged
SPA_AUF1_FR	MMP_VEHICLE_STANDARD	10	10	10	11	unchanged
SPA_AUF1_SA	MMP_VEHICLE_STANDARD	10	10	10	11	unchanged
SPA_M109_GE	MMP_VEHICLE_STANDARD	10	10	10	11	unchanged
SPA_M109_IR	MMP_VEHICLE_STANDARD	10	10	10	11	unchanged
SPA_M109_NATO	MMP_VEHICLE_STANDARD	10	10	10	11	unchanged
SPA_M109_UK	MMP_VEHICLE_STANDARD	10	10	10	11	unchanged
SPA_M109_US	MMP_VEHICLE_STANDARD	10	10	11	12	unchanged
SPA_TYPE83_CH	MMP_VEHICLE_STANDARD	10	10	9	10	unchanged
SPSAM_2K12_IQ	MMP_VEHICLE_STANDARD	10	10	1	1	unchanged
SPSAM_2K12_SV	MMP_VEHICLE_STANDARD	10	10	1	1	unchanged
SPSAM_2K22_SV	MMP_VEHICLE_STANDARD	10	10	9	9	unchanged
SPSAM_9K31_SV	MMP_VEHICLE_SLOW	8	8	1	1	unchanged
SPSAM_CHAP_US	MMP_VEHICLE_STANDARD	10	10	1	1	unchanged
SPSAM_CROTALE_FR	MMP_VEHICLE_STANDARD	10	10	1	1	unchanged
SPSAM_HQ7_CH	MMP_VEHICLE_STANDARD	10	10	1	1	unchanged
SPSAM_RAPIER_UK	MMP_VEHICLE_STANDARD	10	10	1	1	unchanged
SPSAM_ROLAND_GE	MMP_VEHICLE_STANDARD	10	10	1	1	unchanged
SPSAM_SHAHINE_SA	MMP_VEHICLE_STANDARD	10	10	1	1	unchanged
TANK_AMX30_FR	MMP_VEHICLE_FAST	12	12	8	8	unchanged
TANK_AMX30_SA	MMP_VEHICLE_FAST	12	12	8	8	unchanged
TANK_CENTURION_NATO	MMP_VEHICLE_SLOW	8	8	6	6	unchanged
TANK_CHALLENGER1_UK	MMP_VEHICLE_STANDARD	10	10	8	8	unchanged
TANK_CHIEFTAIN_IR	MMP_VEHICLE_STANDARD	10	10	7	7	unchanged
TANK_CHIEFTAIN_UK	MMP_VEHICLE_STANDARD	10	10	7	7	unchanged
TANK_LEOPARD1_BE	MMP_VEHICLE_FAST	12	12	8	8	unchanged
TANK_LEOPARD1_DK	MMP_VEHICLE_FAST	12	12	8	8	unchanged
TANK_LEOPARD1_GE	MMP_VEHICLE_FAST	12	12	8	8	unchanged
TANK_LEOPARD1_NL	MMP_VEHICLE_FAST	12	12	8	8	unchanged
TANK_LEOPARD2_GE	MMP_VEHICLE_FAST	12	12	8	8	unchanged
TANK_M1_US	MMP_VEHICLE_FAST	12	12	8	8	unchanged
TANK_M60A3_IR	MMP_VEHICLE_STANDARD	10	10	8	8	unchanged
TANK_M60_US	MMP_VEHICLE_STANDARD	10	10	8	8	unchanged
TANK_T55A_IQ	MMP_VEHICLE_STANDARD	10	10	5	5	unchanged
TANK_T55A_SV	MMP_VEHICLE_STANDARD	10	10	5	5	unchanged
TANK_T55MV_SV	MMP_VEHICLE_STANDARD	10	10	5	5	unchanged
TANK_T62A_IQ	MMP_VEHICLE_STANDARD	10	10	5	5	unchanged
TANK_T62A_SV	MMP_VEHICLE_STANDARD	10	10	5	5	unchanged
TANK_T62MV_SV	MMP_VEHICLE_STANDARD	10	10	5	5	unchanged
TANK_T64A_SV	MMP_VEHICLE_STANDARD	10	10	7	7	unchanged
TANK_T64B_SV	MMP_VEHICLE_STANDARD	10	10	9	9	unchanged
TANK_T72A_SV	MMP_VEHICLE_STANDARD	10	10	7	7	unchanged
TANK_T72B_SV	MMP_VEHICLE_STANDARD	10	10	9	9	unchanged
TANK_T72M_IQ	MMP_VEHICLE_STANDARD	10	10	7	7	unchanged
TANK_T80BV_SV	MMP_VEHICLE_FAST	12	12	10	10	unchanged
TANK_T80B_SV	MMP_VEHICLE_FAST	12	12	7	7	unchanged
TANK_T80U_SV	MMP_VEHICLE_FAST	12	12	9	9	unchanged
TANK_TYPE59_CH	MMP_VEHICLE_STANDARD	10	10	5	5	unchanged
TANK_TYPE62_CH	MMP_VEHICLE_FAST	12	12	4	4	unchanged
TANK_TYPE80_CH	MMP_VEHICLE_STANDARD	10	10	7	7	unchanged
TRK_GEN_ARAB	MMP_TRUCK	8	8	3	3	unchanged
TRK_GEN_CH	MMP_TRUCK	8	8	3	3	unchanged
TRK_GEN_IQ	MMP_TRUCK	8	8	3	3	unchanged
TRK_GEN_IR	MMP_TRUCK	8	8	3	3	unchanged
TRK_GEN_NATO	MMP_TRUCK	8	8	3	3	unchanged
TRK_GEN_SA	MMP_TRUCK	8	8	3	3	unchanged
TRK_GEN_SV	MMP_TRUCK	8	8	3	3	unchanged
TRK_GEN_US	MMP_TRUCK	8	8	3	3	unchanged
TRN_AN8_SV	MMP_FIXED_WING	100	100	0	0	unchanged
TRN_NAVAL	MMP_NAVAL_TRANSPORT	10	10	3	3	unchanged
